,eye_width,eye_height,nose_height,nose_width,nose_high,mouth_width,mouth_height,eyebrow_width,eye_to_eyebrow,eye_to_eye,eye_to_temple,nose_to_mouth,mouth_to_jaw,face_width,face_height
1,0.1774193548387097,0.04838709677419355,0.3548387096774194,0.1935483870967742,0.11290322580645161,0.3387096774193548,0.16129032258064516,0.3387096774193548,0.16129032258064516,0.2903225806451613,0.1774193548387097,0.0967741935483871,0.27419354838709675,1.032258064516129,1.0161290322580645
2,0.15730337078651685,0.03333333333333333,0.34444444444444444,0.19101123595505617,0.08888888888888889,0.30337078651685395,0.1111111111111111,0.29213483146067415,0.15555555555555556,0.24719101123595505,0.16853932584269662,0.12222222222222222,0.2111111111111111,0.9213483146067416,0.9111111111111111
3,0.1774193548387097,0.06451612903225806,0.3064516129032258,0.1774193548387097,0.12903225806451613,0.3709677419354839,0.14516129032258066,0.3064516129032258,0.14516129032258066,0.25806451612903225,0.22580645161290322,0.11290322580645161,0.27419354838709675,1.0,0.9516129032258065
4,0.17333333333333334,0.05333333333333334,0.3466666666666667,0.18666666666666668,0.09333333333333334,0.32,0.12,0.32,0.16,0.26666666666666666,0.18666666666666668,0.12,0.21333333333333335,1.0,0.96
